Dataset,Algorithm,Max Value,Time (s)
N=10,Branch & Bound,457,2.3126602172851562e-05
N=10,GWO (AI),412,0.027355194091796875
N=30,Branch & Bound,1386,9.083747863769531e-05
N=30,GWO (AI),1061,0.021332979202270508
N=100,GWO (AI),3437,0.021368026733398438
