Source_File,Num_Items,BT_Value,BT_Time,GWO_Value,GWO_Time,Accuracy
small_10.json,10,456,5.340576171875e-05,424,0.24972295761108398,92.98245614035088
medium_30.json,30,1230,7.176399230957031e-05,947,0.2358088493347168,76.99186991869918
large_100.json,100,N/A (Too large),0.0,3122,0.2393665313720703,100.0
