Source_File,Num_Items,BT_Value,BT_Time,GWO_Value,GWO_Time,Accuracy
small_10.json,10,456,5.7697296142578125e-05,456,0.321413516998291,100.0
medium_30.json,30,1230,7.05718994140625e-05,878,0.31868553161621094,71.38211382113822
large_100.json,100,N/A (Too large),0.0,2777,0.3676321506500244,100.0
