Source_File,Num_Items,BT_Value,BT_Time,GWO_Value,GWO_Time,Accuracy
small_10.json,10,456,5.245208740234375e-05,388,0.2261180877685547,85.08771929824562
medium_30.json,30,1230,7.367134094238281e-05,1028,0.23056483268737793,83.57723577235772
large_100.json,100,N/A (Too large),0.0,2520,0.2265024185180664,100.0
